{"cameraMode":{"drawMode":0,"name":"Shaded","section":"Shading Mode"},"sceneLighting":false,"audioPlay":false,"sceneViewState":{"showFog":true,"showMaterialUpdate":false,"showSkybox":true,"showFlares":true,"showImageEffects":true,"showParticleSystems":true},"in2DMode":false,"pivot":{"x":0.0,"y":0.7111362218856812,"z":0.005239835008978844},"rotation":{"x":-0.016349321231245996,"y":0.9804860353469849,"z":-0.09324777126312256,"w":-0.17229244112968446},"size":0.43155112862586977,"orthographic":false}