{"cameraMode":{"drawMode":0,"name":"Shaded","section":"Shading Mode"},"sceneLighting":false,"audioPlay":false,"sceneViewState":{"showFog":true,"showMaterialUpdate":false,"showSkybox":true,"showFlares":true,"showImageEffects":true,"showParticleSystems":true},"in2DMode":false,"pivot":{"x":-1.1999107599258423,"y":0.7253583669662476,"z":-0.7228295803070068},"rotation":{"x":-0.37351182103157046,"y":-0.009424659423530102,"z":0.003757284488528967,"w":-0.9275699853897095},"size":1.7624857425689698,"orthographic":false}