{"cameraMode":{"drawMode":0,"name":"Shaded","section":"Shading Mode"},"sceneLighting":false,"audioPlay":false,"sceneViewState":{"showFog":true,"showMaterialUpdate":false,"showSkybox":true,"showFlares":true,"showImageEffects":true,"showParticleSystems":true},"in2DMode":false,"pivot":{"x":-0.0453084371984005,"y":1.5055630207061768,"z":1.3050423860549927},"rotation":{"x":0.061507903039455417,"y":0.0929274633526802,"z":-0.005715584382414818,"w":0.9937548637390137},"size":1.2950470447540284,"orthographic":false}