{"cameraMode":{"drawMode":0,"name":"Shaded","section":"Shading Mode"},"sceneLighting":false,"audioPlay":false,"sceneViewState":{"showFog":true,"showMaterialUpdate":false,"showSkybox":true,"showFlares":true,"showImageEffects":true,"showParticleSystems":true},"in2DMode":false,"pivot":{"x":0.2269204705953598,"y":-16.85282325744629,"z":7.487741947174072},"rotation":{"x":-0.4121675193309784,"y":0.10380586236715317,"z":-0.04737117514014244,"w":-0.903934895992279},"size":1.405188798904419,"orthographic":false}