{"cameraMode":{"drawMode":0,"name":"Shaded","section":"Shading Mode"},"sceneLighting":false,"audioPlay":false,"sceneViewState":{"showFog":true,"showMaterialUpdate":false,"showSkybox":true,"showFlares":true,"showImageEffects":true,"showParticleSystems":true},"in2DMode":false,"pivot":{"x":-0.2848793864250183,"y":0.09240125864744187,"z":-0.10512809455394745},"rotation":{"x":-0.24254921078681947,"y":0.09908271580934525,"z":-0.024947693571448327,"w":-0.9647434949874878},"size":2.1643335819244386,"orthographic":false}