{"cameraMode":{"drawMode":0,"name":"Shaded","section":"Shading Mode"},"sceneLighting":false,"audioPlay":false,"sceneViewState":{"showFog":true,"showMaterialUpdate":true,"showSkybox":true,"showFlares":true,"showImageEffects":true,"showParticleSystems":true},"in2DMode":false,"pivot":{"x":-0.2344842255115509,"y":0.06948158144950867,"z":-0.9053439497947693},"rotation":{"x":-0.1310993731021881,"y":-0.6475430727005005,"z":0.11442264169454575,"w":-0.7418951988220215},"size":22.0,"orthographic":false}