{"cameraMode":{"drawMode":0,"name":"Shaded","section":"Shading Mode"},"sceneLighting":false,"audioPlay":false,"sceneViewState":{"showFog":true,"showMaterialUpdate":true,"showSkybox":true,"showFlares":true,"showImageEffects":true,"showParticleSystems":true},"in2DMode":false,"pivot":{"x":-1.476189136505127,"y":1.0373964309692383,"z":-1.5903894901275635},"rotation":{"x":-0.1310993731021881,"y":-0.6475430727005005,"z":0.11442264169454575,"w":-0.7418951988220215},"size":22.0,"orthographic":false}