{"cameraMode":{"drawMode":0,"name":"Shaded","section":"Shading Mode"},"sceneLighting":true,"audioPlay":false,"sceneViewState":{"showFog":true,"showMaterialUpdate":true,"showSkybox":true,"showFlares":true,"showImageEffects":true,"showParticleSystems":true},"in2DMode":false,"pivot":{"x":-1.056473970413208,"y":-16.034717559814454,"z":-0.12386935204267502},"rotation":{"x":-0.12448203563690186,"y":-0.7220813632011414,"z":0.13475851714611054,"w":-0.6670404672622681},"size":0.8305208086967468,"orthographic":false}