{"cameraMode":{"drawMode":0,"name":"Shaded","section":"Shading Mode"},"sceneLighting":true,"audioPlay":false,"sceneViewState":{"showFog":true,"showMaterialUpdate":true,"showSkybox":true,"showFlares":true,"showImageEffects":true,"showParticleSystems":true},"in2DMode":false,"pivot":{"x":1.67927885055542,"y":1.4908043146133423,"z":-0.9386253952980042},"rotation":{"x":-0.1310993731021881,"y":-0.6475430727005005,"z":0.11442264169454575,"w":-0.7418951988220215},"size":0.6084283590316773,"orthographic":false}