{"cameraMode":{"drawMode":0,"name":"Shaded","section":"Shading Mode"},"sceneLighting":false,"audioPlay":false,"sceneViewState":{"showFog":true,"showMaterialUpdate":true,"showSkybox":true,"showFlares":true,"showImageEffects":true,"showParticleSystems":true},"in2DMode":false,"pivot":{"x":0.0,"y":0.03668098896741867,"z":0.1044425368309021},"rotation":{"x":-0.1310993731021881,"y":-0.6475430727005005,"z":0.11442264169454575,"w":-0.7418951988220215},"size":1.313382863998413,"orthographic":false}