Game Time;Current Maze;Current Row;Current Column
0;0;0;0
1.028359;0;2;1
2.047621;0;2;1
3.065647;0;2;1
4.083526;0;2;1

